Batch_id,Part_id,Weight,Machine_id,Shift
B039,P00001,53.46,M5,Morning
B052,P00002,50.15,M1,Night
B029,P00003,52.2,M2,Afternoon
B015,P00004,50.08,M4,Morning
B043,P00005,44.27,M4,Night
B008,P00006,49.84,M3,Morning
B021,P00007,50.19,M3,Morning
B039,P00008,50.34,M4,Morning
B058,P00009,48.66,M3,Night
B019,P00010,49.2,M1,Night
B023,P00011,49.57,M3,Morning
B011,P00012,50.46,M5,Afternoon
B011,P00013,49.94,M3,Afternoon
B024,P00014,52.35,M2,Night
B053,P00015,51.69,M1,Night
B036,P00016,49.61,M2,Night
B040,P00017,52.76,M2,Night
B024,P00018,53.75,M5,Night
B003,P00019,45.91,M1,Afternoon
B022,P00020,51.86,M1,Night
B053,P00021,48.61,M1,Morning
B002,P00022,51.6,M1,Morning
B024,P00023,52.48,M1,Afternoon
B044,P00024,48.25,M5,Morning
B030,P00025,46.3,M3,Afternoon
B038,P00026,51.67,M2,Afternoon
B002,P00027,50.27,M1,Morning
B060,P00028,46.66,M3,Night
B021,P00029,55.06,M3,Morning
B033,P00030,51.25,M2,Morning
B012,P00031,51.34,M5,Afternoon
B058,P00032,52.73,M4,Morning
B022,P00033,48.84,M4,Afternoon
B044,P00034,50.26,M3,Night
B025,P00035,47.36,M2,Night
B049,P00036,48.78,M4,Night
B027,P00037,50.77,M3,Morning
B059,P00038,46.67,M5,Afternoon
B042,P00039,48.73,M4,Night
B028,P00040,44.83,M3,Afternoon
B060,P00041,50.28,M3,Afternoon
B016,P00042,51.15,M1,Night
B015,P00043,51.48,M5,Night
B047,P00044,52,M1,Afternoon
B051,P00045,52.74,M2,Night
B044,P00046,51.21,M1,Afternoon
B055,P00047,53.77,M1,Afternoon
B052,P00048,50.24,M4,Night
B057,P00049,49.65,M3,Morning
B003,P00050,51.21,M5,Night
B037,P00051,49.57,M1,Morning
B051,P00052,53.71,M5,Afternoon
B007,P00053,52.26,M1,Afternoon
B021,P00054,51.5,M2,Morning
B009,P00055,50.26,M1,Afternoon
B039,P00056,49.19,M4,Morning
B018,P00057,51.4,M3,Morning
B004,P00058,47.75,M2,Afternoon
B025,P00059,53.07,M1,Morning
B060,P00060,49.64,M5,Night
B014,P00061,50.61,M2,Night
B050,P00062,48.18,M2,Afternoon
B058,P00063,51.45,M1,Afternoon
B009,P00064,49.09,M2,Morning
B026,P00065,51.3,M5,Morning
B053,P00066,51.51,M2,Morning
B002,P00067,48.7,M5,Morning
B020,P00068,47.75,M1,Night
B028,P00069,53.06,M3,Night
B047,P00070,49.62,M2,Afternoon
B060,P00071,50.45,M3,Morning
B007,P00072,50.97,M5,Morning
B044,P00073,47.49,M2,Afternoon
B008,P00074,50.93,M4,Morning
B047,P00075,50.2,M3,Morning
B035,P00076,48.71,M2,Morning
B014,P00077,47.69,M3,Morning
B017,P00078,43.64,M2,Morning
B036,P00079,52.26,M1,Afternoon
B050,P00080,50.36,M3,Morning
B040,P00081,47.13,M4,Afternoon
B004,P00082,47.89,M4,Morning
B002,P00083,49.14,M5,Night
B006,P00084,53.13,M2,Night
B054,P00085,49.51,M3,Night
B042,P00086,49.06,M5,Night
B004,P00087,46.65,M3,Afternoon
B054,P00088,48.69,M2,Afternoon
B029,P00089,47.53,M4,Morning
B018,P00090,47.99,M1,Night
B026,P00091,50.24,M4,Afternoon
B044,P00092,49.2,M5,Morning
B034,P00093,53.4,M1,Morning
B010,P00094,52.16,M5,Afternoon
B036,P00095,47.31,M2,Night
B014,P00096,48.17,M1,Morning
B031,P00097,43.56,M5,Night
B048,P00098,53.32,M2,Night
B015,P00099,45.61,M4,Night
B008,P00100,50.19,M2,Morning
B014,P00101,49.5,M3,Night
B023,P00102,51.3,M2,Morning
B060,P00103,53.89,M2,Night
B057,P00104,49.03,M3,Morning
B040,P00105,45.88,M5,Night
B021,P00106,51.16,M5,Afternoon
B016,P00107,45.89,M2,Night
B045,P00108,49.39,M3,Night
B018,P00109,48.59,M3,Morning
B047,P00110,49.13,M4,Morning
B053,P00111,51.7,M5,Night
B024,P00112,49.09,M1,Afternoon
B026,P00113,50.66,M5,Afternoon
B025,P00114,50.06,M5,Morning
B060,P00115,49.85,M4,Afternoon
B060,P00116,51.4,M1,Night
B060,P00117,49.04,M4,Morning
B045,P00118,49.14,M1,Night
B041,P00119,51.6,M2,Morning
B029,P00120,48.03,M1,Morning
B015,P00121,48.24,M4,Morning
B045,P00122,47.48,M5,Morning
B001,P00123,51.7,M1,Afternoon
B025,P00124,49.79,M1,Night
B007,P00125,47.37,M3,Night
B009,P00126,51.71,M5,Night
B024,P00127,48.89,M2,Morning
B001,P00128,48.26,M4,Afternoon
B044,P00129,49.61,M2,Night
B008,P00130,52.96,M5,Afternoon
B024,P00131,49.21,M1,Morning
B011,P00132,51.15,M1,Night
B051,P00133,51.45,M5,Afternoon
B017,P00134,50.89,M1,Morning
B008,P00135,45.73,M1,Afternoon
B035,P00136,48.59,M1,Night
B035,P00137,47.91,M4,Night
B033,P00138,47.87,M4,Morning
B059,P00139,49.71,M3,Morning
B005,P00140,48.11,M2,Morning
B042,P00141,50.3,M5,Afternoon
B039,P00142,50.15,M5,Afternoon
B058,P00143,52.04,M5,Afternoon
B041,P00144,50.58,M3,Morning
B028,P00145,49.17,M4,Night
B007,P00146,50.82,M3,Night
B009,P00147,47.94,M5,Afternoon
B008,P00148,49.92,M2,Afternoon
B012,P00149,50.64,M1,Night
B034,P00150,50.26,M4,Night
B033,P00151,50.83,M4,Afternoon
B048,P00152,48.71,M3,Afternoon
B055,P00153,52.3,M4,Night
B023,P00154,53.64,M5,Morning
B024,P00155,46.79,M5,Afternoon
B037,P00156,47.57,M3,Night
B035,P00157,50.09,M5,Night
B044,P00158,49.49,M2,Night
B040,P00159,53.79,M3,Night
B022,P00160,44.67,M2,Morning
B027,P00161,52.79,M1,Night
B035,P00162,45.9,M2,Afternoon
B001,P00163,51.63,M1,Morning
B035,P00164,48.57,M1,Night
B037,P00165,48.54,M2,Morning
B047,P00166,49.5,M3,Afternoon
B014,P00167,47.15,M5,Night
B003,P00168,50.89,M5,Afternoon
B001,P00169,50.38,M1,Night
B005,P00170,50.53,M1,Night
B026,P00171,51.77,M3,Night
B055,P00172,53.03,M4,Night
B014,P00173,49.27,M2,Night
B039,P00174,44.14,M1,Morning
B027,P00175,50.59,M5,Night
B009,P00176,50.76,M3,Night
B015,P00177,50.79,M2,Morning
B015,P00178,53.18,M3,Morning
B026,P00179,49.08,M2,Morning
B042,P00180,46.95,M2,Morning
B060,P00181,48.6,M1,Morning
B013,P00182,51.51,M3,Morning
B051,P00183,50.05,M3,Night
B032,P00184,49.06,M5,Night
B039,P00185,47.85,M5,Afternoon
B049,P00186,50.44,M1,Night
B052,P00187,51.29,M1,Night
B032,P00188,50.61,M4,Morning
B004,P00189,49.49,M5,Morning
B030,P00190,50.29,M2,Night
B037,P00191,50.28,M3,Afternoon
B023,P00192,50.38,M1,Morning
B039,P00193,47.63,M3,Night
B045,P00194,50.39,M3,Night
B015,P00195,49.12,M4,Afternoon
B043,P00196,52.08,M5,Afternoon
B029,P00197,50.27,M1,Morning
B036,P00198,51.67,M3,Afternoon
B013,P00199,49.4,M1,Night
B032,P00200,49.47,M2,Night
B007,P00201,52.99,M4,Afternoon
B059,P00202,50.87,M2,Afternoon
B051,P00203,48.57,M1,Afternoon
B022,P00204,51.79,M1,Afternoon
B028,P00205,48.93,M5,Morning
B002,P00206,50.45,M3,Afternoon
B042,P00207,46.07,M3,Morning
B045,P00208,47.14,M2,Night
B057,P00209,49.65,M4,Afternoon
B053,P00210,50.82,M3,Morning
B006,P00211,51.53,M5,Afternoon
B028,P00212,47.52,M2,Night
B028,P00213,46.93,M2,Night
B044,P00214,52.18,M5,Night
B044,P00215,48.56,M4,Afternoon
B020,P00216,48.48,M5,Afternoon
B030,P00217,53.1,M4,Morning
B011,P00218,50.14,M5,Night
B058,P00219,50.15,M5,Afternoon
B055,P00220,49.64,M1,Night
B028,P00221,47.55,M2,Night
B025,P00222,51.35,M5,Morning
B039,P00223,50.82,M5,Morning
B033,P00224,50.34,M3,Morning
B001,P00225,49.77,M2,Morning
B057,P00226,49.42,M3,Night
B027,P00227,51.82,M2,Morning
B057,P00228,49.72,M3,Morning
B052,P00229,49.87,M5,Morning
B013,P00230,51.06,M5,Morning
B041,P00231,50.42,M1,Night
B003,P00232,53.28,M3,Morning
B039,P00233,46.48,M4,Night
B006,P00234,50.6,M1,Afternoon
B008,P00235,48.59,M3,Night
B027,P00236,48.12,M3,Night
B009,P00237,49.09,M1,Morning
B037,P00238,50.11,M5,Afternoon
B033,P00239,50.2,M3,Afternoon
B051,P00240,46.97,M5,Afternoon
B042,P00241,48.92,M1,Afternoon
B044,P00242,50.56,M5,Night
B024,P00243,48.25,M2,Afternoon
B015,P00244,47.77,M4,Night
B059,P00245,45.49,M3,Night
B054,P00246,48.67,M4,Night
B032,P00247,47.7,M5,Afternoon
B032,P00248,49.14,M3,Morning
B024,P00249,49.46,M5,Morning
B041,P00250,48.8,M2,Afternoon
B052,P00251,47.67,M1,Morning
B049,P00252,45.77,M3,Morning
B049,P00253,50.6,M2,Night
B058,P00254,51.51,M2,Night
B052,P00255,49.21,M3,Afternoon
B012,P00256,49.47,M5,Afternoon
B039,P00257,50.01,M2,Morning
B002,P00258,46.09,M4,Night
B003,P00259,46.86,M2,Afternoon
B049,P00260,49.17,M5,Afternoon
B037,P00261,46.56,M5,Afternoon
B049,P00262,50.72,M4,Afternoon
B056,P00263,49.71,M2,Afternoon
B017,P00264,50.41,M5,Afternoon
B059,P00265,50.31,M3,Morning
B049,P00266,51.98,M1,Night
B002,P00267,51.08,M1,Night
B002,P00268,51.66,M1,Afternoon
B028,P00269,47.87,M2,Night
B054,P00270,52.39,M4,Night
B023,P00271,48.56,M5,Night
B037,P00272,48.67,M3,Afternoon
B032,P00273,50.54,M3,Afternoon
B033,P00274,50.6,M2,Night
B001,P00275,47.86,M1,Night
B019,P00276,49.65,M2,Afternoon
B002,P00277,52.98,M4,Morning
B053,P00278,47.06,M4,Night
B044,P00279,52.97,M5,Morning
B026,P00280,49.52,M5,Night
B032,P00281,45.32,M4,Morning
B006,P00282,47.27,M4,Morning
B032,P00283,48.07,M4,Morning
B055,P00284,48.75,M2,Afternoon
B004,P00285,49.79,M4,Morning
B055,P00286,44.59,M3,Morning
B011,P00287,50.37,M1,Morning
B056,P00288,47.89,M4,Night
B059,P00289,52.78,M1,Morning
B017,P00290,49.46,M2,Night
B038,P00291,51.89,M1,Morning
B024,P00292,52.22,M2,Morning
B005,P00293,52.17,M3,Afternoon
B052,P00294,48.87,M2,Night
B034,P00295,48.84,M2,Morning
B006,P00296,49.55,M5,Night
B022,P00297,51.27,M4,Night
B011,P00298,48.98,M4,Afternoon
B048,P00299,49.76,M3,Afternoon
B016,P00300,45.14,M3,Afternoon
B033,P00301,48.19,M4,Afternoon
B009,P00302,48.06,M5,Afternoon
B060,P00303,49.68,M4,Afternoon
B059,P00304,49.95,M5,Afternoon
B006,P00305,45.75,M3,Afternoon
B016,P00306,51.34,M1,Morning
B029,P00307,47.8,M3,Night
B003,P00308,48.38,M3,Afternoon
B020,P00309,48.06,M2,Afternoon
B060,P00310,52.82,M2,Night
B059,P00311,49.76,M2,Morning
B036,P00312,50.03,M2,Night
B019,P00313,50.12,M5,Night
B026,P00314,48.57,M4,Afternoon
B003,P00315,53.13,M1,Night
B019,P00316,50.82,M3,Night
B020,P00317,50.08,M5,Afternoon
B032,P00318,47.79,M1,Afternoon
B007,P00319,47.68,M5,Afternoon
B052,P00320,49.38,M5,Afternoon
B041,P00321,48.6,M3,Night
B033,P00322,47.87,M4,Night
B040,P00323,49.26,M2,Morning
B039,P00324,49.57,M4,Morning
B018,P00325,50.28,M3,Night
B040,P00326,48.99,M3,Morning
B001,P00327,47.98,M3,Night
B011,P00328,48.05,M1,Morning
B028,P00329,52.43,M4,Afternoon
B057,P00330,47.5,M4,Morning
B025,P00331,50.73,M5,Afternoon
B050,P00332,51.04,M5,Afternoon
B023,P00333,49.76,M5,Afternoon
B031,P00334,53.54,M3,Afternoon
B030,P00335,51,M4,Morning
B042,P00336,53.69,M3,Night
B035,P00337,48.7,M1,Afternoon
B007,P00338,48.73,M5,Morning
B060,P00339,51.06,M3,Afternoon
B016,P00340,49.48,M3,Morning
B026,P00341,53.37,M1,Morning
B048,P00342,50.68,M2,Morning
B057,P00343,47.91,M4,Night
B052,P00344,46.53,M2,Morning
B060,P00345,49.84,M5,Morning
B049,P00346,49.82,M3,Night
B002,P00347,45.5,M1,Night
B001,P00348,52.42,M1,Morning
B048,P00349,52.16,M4,Night
B012,P00350,48.84,M2,Afternoon
B005,P00351,47.41,M4,Afternoon
B037,P00352,47.53,M3,Night
B032,P00353,48.53,M4,Night
B059,P00354,49.27,M1,Morning
B055,P00355,50.61,M1,Night
B009,P00356,48.4,M5,Morning
B041,P00357,50.56,M5,Afternoon
B035,P00358,45.04,M3,Night
B019,P00359,50.29,M2,Morning
B048,P00360,47.74,M4,Morning
B016,P00361,50.94,M3,Afternoon
B003,P00362,54.16,M5,Night
B020,P00363,50.49,M4,Afternoon
B024,P00364,44.09,M5,Morning
B054,P00365,52.48,M4,Morning
B056,P00366,48.59,M2,Night
B033,P00367,54.53,M3,Morning
B024,P00368,50.23,M4,Night
B052,P00369,46.63,M1,Afternoon
B011,P00370,45.87,M1,Night
B049,P00371,53.08,M4,Night
B008,P00372,52.21,M4,Morning
B036,P00373,44.66,M4,Morning
B038,P00374,50.02,M1,Night
B040,P00375,49.89,M1,Morning
B020,P00376,49.23,M4,Morning
B035,P00377,48.68,M5,Morning
B048,P00378,49.22,M5,Night
B025,P00379,50.43,M2,Morning
B035,P00380,48.31,M3,Night
B025,P00381,46.66,M5,Morning
B029,P00382,50.32,M1,Afternoon
B018,P00383,48.27,M5,Morning
B046,P00384,43.52,M2,Morning
B018,P00385,51.11,M2,Night
B002,P00386,47.78,M3,Night
B054,P00387,51.32,M5,Morning
B035,P00388,51.28,M1,Afternoon
B016,P00389,50.57,M1,Morning
B041,P00390,54.99,M4,Morning
B036,P00391,49.72,M1,Afternoon
B033,P00392,49.43,M3,Night
B004,P00393,51.37,M3,Morning
B033,P00394,49.89,M1,Night
B014,P00395,52.32,M1,Night
B021,P00396,47.46,M4,Afternoon
B048,P00397,47.5,M1,Afternoon
B020,P00398,51.53,M4,Night
B056,P00399,47.67,M4,Morning
B008,P00400,51.22,M1,Night
B007,P00401,50.74,M2,Morning
B003,P00402,48.61,M2,Morning
B017,P00403,50.73,M4,Afternoon
B033,P00404,47.53,M1,Morning
B048,P00405,48,M2,Morning
B012,P00406,44.21,M1,Night
B059,P00407,50.16,M1,Afternoon
B051,P00408,49.39,M1,Morning
B022,P00409,50.87,M5,Morning
B055,P00410,50.78,M1,Afternoon
B022,P00411,53.06,M5,Night
B046,P00412,49.81,M4,Afternoon
B030,P00413,52.39,M2,Afternoon
B038,P00414,51.84,M2,Morning
B038,P00415,54.59,M2,Morning
B045,P00416,49.75,M2,Night
B051,P00417,49.16,M2,Morning
B054,P00418,52.52,M2,Morning
B008,P00419,44.6,M2,Afternoon
B027,P00420,52.56,M4,Morning
B027,P00421,51.43,M1,Night
B034,P00422,45.79,M3,Afternoon
B021,P00423,50.75,M5,Night
B030,P00424,46.34,M3,Afternoon
B033,P00425,50.27,M3,Morning
B028,P00426,49.74,M1,Afternoon
B047,P00427,46.82,M1,Afternoon
B033,P00428,51.75,M1,Morning
B005,P00429,46.49,M2,Morning
B060,P00430,52.2,M4,Night
B048,P00431,46.92,M2,Night
B019,P00432,51.01,M4,Morning
B004,P00433,49.53,M4,Morning
B035,P00434,50.29,M3,Morning
B049,P00435,49.55,M3,Afternoon
B017,P00436,51.09,M4,Afternoon
B044,P00437,49.67,M4,Afternoon
B028,P00438,47.9,M2,Morning
B030,P00439,50.17,M2,Night
B029,P00440,49.57,M3,Morning
B046,P00441,49.83,M1,Afternoon
B053,P00442,43.62,M4,Afternoon
B006,P00443,51.37,M2,Morning
B035,P00444,49.37,M3,Morning
B060,P00445,47.3,M2,Afternoon
B041,P00446,51.85,M4,Afternoon
B037,P00447,51.27,M4,Afternoon
B024,P00448,49.35,M5,Morning
B029,P00449,47.7,M1,Afternoon
B049,P00450,45.07,M5,Afternoon
B046,P00451,50.25,M3,Night
B053,P00452,51.85,M2,Morning
B031,P00453,49.11,M3,Night
B035,P00454,52.39,M4,Night
B060,P00455,48.92,M5,Afternoon
B033,P00456,47.31,M5,Morning
B052,P00457,47.74,M5,Afternoon
B021,P00458,49.88,M3,Morning
B032,P00459,49.87,M4,Night
B023,P00460,50.66,M2,Morning
B033,P00461,49.82,M2,Afternoon
B003,P00462,51.95,M3,Afternoon
B018,P00463,49.48,M5,Afternoon
B025,P00464,46.01,M1,Morning
B042,P00465,49.76,M3,Night
B031,P00466,45.99,M3,Night
B054,P00467,50.54,M4,Morning
B058,P00468,52.11,M2,Afternoon
B003,P00469,44.7,M3,Night
B040,P00470,52.84,M3,Afternoon
B046,P00471,51.69,M5,Morning
B024,P00472,52.41,M5,Afternoon
B050,P00473,50.38,M1,Night
B032,P00474,48.01,M4,Night
B047,P00475,51.56,M1,Afternoon
B022,P00476,48.75,M5,Morning
B023,P00477,50.24,M2,Afternoon
B002,P00478,49.66,M5,Morning
B027,P00479,52.25,M4,Afternoon
B042,P00480,45.29,M5,Night
B002,P00481,49.84,M4,Morning
B026,P00482,48.09,M4,Morning
B017,P00483,42.04,M4,Morning
B040,P00484,51.41,M4,Night
B033,P00485,50.56,M4,Afternoon
B009,P00486,46.99,M2,Night
B043,P00487,46.39,M1,Morning
B054,P00488,50.39,M3,Afternoon
B048,P00489,47.89,M1,Night
B039,P00490,48.08,M4,Morning
B029,P00491,51.35,M2,Morning
B042,P00492,52.4,M5,Night
B055,P00493,48.5,M2,Night
B026,P00494,49.91,M4,Night
B035,P00495,49.85,M2,Morning
B050,P00496,49.67,M2,Night
B025,P00497,50.08,M4,Morning
B024,P00498,44.32,M2,Night
B013,P00499,48.65,M3,Morning
B060,P00500,46.95,M3,Morning
B058,P00501,53.38,M2,Afternoon
B007,P00502,52.18,M5,Night
B057,P00503,47.79,M4,Night
B036,P00504,50.27,M3,Morning
B045,P00505,52.02,M5,Morning
B020,P00506,51.5,M2,Morning
B001,P00507,50.92,M5,Afternoon
B008,P00508,49.66,M1,Afternoon
B046,P00509,53.45,M3,Morning
B016,P00510,50.44,M2,Night
B014,P00511,48.97,M4,Night
B012,P00512,51.74,M2,Afternoon
B051,P00513,50.19,M4,Afternoon
B023,P00514,50.7,M2,Morning
B015,P00515,50.41,M5,Night
B028,P00516,50.99,M5,Morning
B034,P00517,48.04,M5,Afternoon
B002,P00518,47.1,M1,Night
B032,P00519,44.46,M4,Night
B023,P00520,50.5,M5,Afternoon
B022,P00521,51.54,M1,Morning
B051,P00522,46.48,M4,Morning
B025,P00523,52.13,M2,Night
B058,P00524,48.96,M1,Afternoon
B022,P00525,48.39,M3,Night
B058,P00526,49.87,M1,Afternoon
B058,P00527,48.04,M1,Morning
B022,P00528,50,M4,Afternoon
B049,P00529,49.73,M2,Morning
B052,P00530,52.12,M3,Afternoon
B042,P00531,53.03,M5,Night
B006,P00532,52.96,M5,Morning
B015,P00533,45.47,M1,Night
B054,P00534,48.13,M4,Night
B043,P00535,45.45,M4,Morning
B060,P00536,47.61,M5,Morning
B037,P00537,48.7,M3,Night
B033,P00538,50.82,M2,Night
B008,P00539,48.96,M3,Night
B053,P00540,49.02,M2,Night
B060,P00541,50.36,M5,Morning
B044,P00542,46.58,M2,Morning
B044,P00543,48.32,M4,Night
B005,P00544,48.99,M1,Afternoon
B039,P00545,49.6,M1,Afternoon
B004,P00546,50.15,M5,Morning
B006,P00547,53,M4,Night
B045,P00548,51.82,M3,Night
B032,P00549,48.46,M4,Morning
B052,P00550,49.48,M1,Afternoon
B030,P00551,49.34,M1,Afternoon
B047,P00552,48.97,M4,Afternoon
B035,P00553,50.55,M4,Morning
B055,P00554,46.28,M1,Afternoon
B040,P00555,51.76,M3,Morning
B052,P00556,53.39,M5,Morning
B016,P00557,49.46,M5,Night
B013,P00558,49.42,M4,Afternoon
B050,P00559,50.31,M5,Morning
B060,P00560,52.04,M1,Afternoon
B042,P00561,49.35,M1,Afternoon
B030,P00562,51.87,M4,Night
B019,P00563,50.98,M4,Afternoon
B017,P00564,54.72,M4,Night
B056,P00565,49.34,M3,Morning
B019,P00566,46.05,M5,Afternoon
B028,P00567,47.13,M4,Morning
B058,P00568,50.02,M2,Afternoon
B055,P00569,52.06,M2,Morning
B026,P00570,48.69,M1,Afternoon
B037,P00571,43.59,M5,Afternoon
B026,P00572,51.37,M4,Afternoon
B053,P00573,48.07,M2,Afternoon
B023,P00574,48.78,M5,Afternoon
B009,P00575,45.45,M1,Afternoon
B012,P00576,52.36,M3,Afternoon
B053,P00577,53.08,M5,Afternoon
B001,P00578,46.84,M5,Afternoon
B058,P00579,46.5,M3,Morning
B058,P00580,52.81,M5,Night
B001,P00581,50.8,M1,Afternoon
B047,P00582,49.02,M1,Night
B034,P00583,46.91,M3,Afternoon
B032,P00584,52.31,M4,Afternoon
B054,P00585,50.72,M2,Morning
B048,P00586,47.05,M4,Morning
B025,P00587,52.38,M5,Night
B040,P00588,46.59,M2,Morning
B045,P00589,49.56,M3,Morning
B053,P00590,49.47,M3,Night
B001,P00591,53.24,M2,Morning
B016,P00592,49.48,M1,Afternoon
B039,P00593,49.47,M2,Night
B005,P00594,47.27,M5,Night
B022,P00595,48.72,M1,Afternoon
B029,P00596,48.37,M3,Morning
B055,P00597,46.72,M2,Night
B003,P00598,50.01,M4,Night
B012,P00599,45.13,M4,Afternoon
B026,P00600,46.98,M5,Afternoon
B016,P00601,49.78,M4,Morning
B051,P00602,50.24,M2,Night
B037,P00603,49.53,M2,Morning
B022,P00604,49.92,M4,Morning
B057,P00605,49.18,M2,Afternoon
B029,P00606,49.96,M5,Night
B014,P00607,50.87,M1,Night
B028,P00608,50.85,M5,Night
B005,P00609,48.62,M5,Afternoon
B047,P00610,51.83,M2,Afternoon
B049,P00611,50.31,M1,Afternoon
B030,P00612,52.46,M2,Afternoon
B046,P00613,52.87,M3,Afternoon
B052,P00614,47.11,M2,Night
B005,P00615,48.28,M2,Morning
B012,P00616,51.63,M2,Night
B016,P00617,46.67,M1,Morning
B026,P00618,52.84,M2,Afternoon
B026,P00619,49.31,M1,Morning
B048,P00620,51.15,M4,Night
B021,P00621,49.77,M3,Night
B039,P00622,47.22,M1,Morning
B036,P00623,52.11,M4,Afternoon
B033,P00624,55.5,M1,Afternoon
B030,P00625,48.97,M1,Night
B037,P00626,49.36,M3,Morning
B023,P00627,44.7,M5,Afternoon
B058,P00628,52.7,M5,Afternoon
B010,P00629,51.82,M1,Night
B054,P00630,46.53,M2,Afternoon
B005,P00631,44.92,M4,Morning
B036,P00632,46.1,M2,Night
B034,P00633,51.29,M2,Night
B052,P00634,51.49,M1,Morning
B031,P00635,48.15,M1,Night
B010,P00636,51,M1,Afternoon
B058,P00637,50.32,M1,Afternoon
B019,P00638,42.02,M5,Morning
B058,P00639,51.94,M1,Afternoon
B032,P00640,47.59,M5,Morning
B001,P00641,52.3,M5,Morning
B056,P00642,48.54,M1,Afternoon
B005,P00643,53.56,M3,Morning
B045,P00644,47.99,M4,Afternoon
B004,P00645,49.3,M2,Night
B016,P00646,50.12,M5,Night
B024,P00647,50.1,M4,Morning
B016,P00648,47.23,M3,Afternoon
B055,P00649,47.43,M2,Afternoon
B002,P00650,49.93,M2,Night
B049,P00651,50.28,M5,Night
B028,P00652,48.94,M1,Afternoon
B032,P00653,50.81,M3,Morning
B027,P00654,47.31,M5,Night
B020,P00655,49.35,M3,Morning
B024,P00656,48.49,M1,Morning
B012,P00657,49.35,M1,Night
B050,P00658,52.89,M5,Morning
B035,P00659,52.93,M1,Morning
B060,P00660,52.54,M4,Afternoon
B033,P00661,49.08,M2,Morning
B033,P00662,51.82,M5,Afternoon
B051,P00663,50.22,M3,Night
B043,P00664,50.09,M4,Night
B037,P00665,49.85,M5,Afternoon
B012,P00666,53.52,M1,Night
B003,P00667,52.73,M1,Morning
B001,P00668,51.49,M1,Morning
B033,P00669,49.66,M1,Morning
B040,P00670,50.08,M3,Night
B010,P00671,51.06,M4,Morning
B043,P00672,48.96,M2,Night
B044,P00673,51.88,M3,Morning
B029,P00674,48.16,M3,Afternoon
B013,P00675,50.78,M2,Night
B012,P00676,45.42,M2,Night
B031,P00677,48.9,M1,Morning
B046,P00678,54.16,M3,Night
B002,P00679,52.07,M5,Night
B051,P00680,53.07,M2,Afternoon
B050,P00681,42.18,M2,Afternoon
B035,P00682,50.21,M4,Morning
B023,P00683,52.56,M5,Afternoon
B017,P00684,51.27,M5,Morning
B026,P00685,51.02,M2,Morning
B008,P00686,53.26,M1,Morning
B029,P00687,47.92,M4,Night
B026,P00688,49.63,M5,Afternoon
B010,P00689,46.49,M2,Morning
B026,P00690,47.81,M5,Afternoon
B034,P00691,52.15,M4,Morning
B051,P00692,48.17,M4,Afternoon
B041,P00693,51.47,M3,Afternoon
B007,P00694,44.51,M2,Morning
B004,P00695,49.64,M4,Night
B058,P00696,51.04,M3,Afternoon
B053,P00697,51.49,M3,Night
B050,P00698,47.56,M5,Night
B045,P00699,48.77,M5,Morning
B011,P00700,47.99,M3,Morning
B029,P00701,48.93,M5,Morning
B056,P00702,51.43,M4,Afternoon
B036,P00703,48.81,M1,Morning
B025,P00704,49.93,M4,Morning
B021,P00705,47.92,M3,Afternoon
B057,P00706,52.45,M3,Afternoon
B036,P00707,48.91,M4,Morning
B010,P00708,53.05,M5,Morning
B037,P00709,50.12,M5,Morning
B009,P00710,47.19,M3,Morning
B024,P00711,49.66,M2,Night
B035,P00712,47.87,M5,Night
B049,P00713,51.18,M4,Morning
B035,P00714,49.48,M5,Night
B048,P00715,50.33,M4,Afternoon
B036,P00716,49.26,M3,Night
B018,P00717,48.89,M5,Night
B049,P00718,48.05,M4,Morning
B039,P00719,51.67,M3,Night
B032,P00720,49.65,M2,Night
B024,P00721,49.37,M4,Night
B023,P00722,49.6,M2,Night
B032,P00723,48.64,M2,Afternoon
B037,P00724,49.38,M1,Morning
B012,P00725,50.41,M5,Morning
B049,P00726,47.93,M4,Afternoon
B055,P00727,47.18,M2,Night
B013,P00728,52.76,M1,Afternoon
B023,P00729,42.54,M3,Night
B025,P00730,48.9,M4,Afternoon
B035,P00731,47.31,M2,Morning
B041,P00732,51.7,M5,Morning
B030,P00733,47.89,M1,Morning
B017,P00734,49.97,M2,Night
B049,P00735,46.58,M5,Night
B020,P00736,51.64,M2,Afternoon
B048,P00737,52.35,M4,Afternoon
B025,P00738,50.97,M4,Morning
B022,P00739,46.93,M4,Night
B013,P00740,51.68,M1,Afternoon
B059,P00741,48.35,M4,Night
B019,P00742,47.66,M5,Night
B049,P00743,49.23,M2,Morning
B036,P00744,49.19,M3,Morning
B012,P00745,48.99,M5,Night
B041,P00746,52.55,M5,Night
B019,P00747,54.02,M4,Night
B012,P00748,47.26,M1,Night
B009,P00749,48.62,M2,Morning
B007,P00750,50.29,M1,Afternoon
B028,P00751,49.22,M2,Morning
B014,P00752,50.8,M2,Afternoon
B031,P00753,51.83,M1,Night
B052,P00754,51.5,M5,Afternoon
B019,P00755,51.22,M2,Morning
B058,P00756,53.32,M1,Morning
B047,P00757,46.82,M2,Night
B016,P00758,52.96,M3,Morning
B053,P00759,49.17,M5,Night
B005,P00760,51.57,M4,Morning
B035,P00761,47.94,M2,Morning
B012,P00762,48.18,M3,Night
B025,P00763,51.32,M4,Afternoon
B052,P00764,46.14,M4,Morning
B059,P00765,51.98,M2,Afternoon
B021,P00766,52.52,M1,Morning
B036,P00767,50.36,M2,Morning
B053,P00768,50.28,M3,Morning
B023,P00769,48.33,M4,Morning
B016,P00770,51.35,M2,Afternoon
B057,P00771,50.7,M1,Afternoon
B039,P00772,48.16,M2,Morning
B045,P00773,49.22,M5,Morning
B053,P00774,49.68,M1,Afternoon
B042,P00775,49.21,M3,Night
B058,P00776,47.27,M4,Night
B039,P00777,51.4,M2,Afternoon
B014,P00778,49.51,M1,Morning
B031,P00779,50.03,M5,Morning
B058,P00780,48.84,M1,Night
B005,P00781,50.95,M5,Night
B035,P00782,50.4,M3,Afternoon
B023,P00783,52.43,M4,Night
B029,P00784,50.96,M3,Afternoon
B043,P00785,49.59,M2,Night
B011,P00786,48.52,M1,Night
B018,P00787,51.73,M5,Night
B047,P00788,49.43,M5,Morning
B012,P00789,49.66,M1,Morning
B009,P00790,49.66,M1,Morning
B010,P00791,49.2,M2,Night
B058,P00792,49.69,M3,Afternoon
B044,P00793,53.85,M5,Afternoon
B017,P00794,47.9,M2,Afternoon
B038,P00795,48.37,M3,Afternoon
B007,P00796,52.77,M2,Morning
B046,P00797,49.25,M5,Morning
B013,P00798,49.1,M1,Night
B040,P00799,52.07,M1,Night
B042,P00800,47.16,M3,Afternoon
B009,P00801,51.64,M4,Morning
B050,P00802,50.09,M3,Afternoon
B027,P00803,50.93,M4,Night
B058,P00804,50.89,M2,Night
B002,P00805,48.74,M2,Afternoon
B005,P00806,52.1,M5,Night
B029,P00807,48.9,M4,Afternoon
B037,P00808,50.82,M5,Morning
B038,P00809,52.48,M1,Afternoon
B019,P00810,52.76,M4,Morning
B008,P00811,44.59,M3,Morning
B048,P00812,50.93,M1,Night
B045,P00813,49.28,M1,Night
B001,P00814,55.01,M3,Night
B022,P00815,51.56,M1,Afternoon
B052,P00816,50.17,M4,Afternoon
B017,P00817,45.28,M5,Night
B007,P00818,50.81,M1,Afternoon
B025,P00819,50.87,M4,Night
B045,P00820,49.52,M2,Afternoon
B004,P00821,49.21,M4,Morning
B036,P00822,49.7,M5,Morning
B006,P00823,47.72,M4,Night
B060,P00824,51.44,M3,Afternoon
B031,P00825,48.4,M5,Afternoon
B019,P00826,47.88,M2,Morning
B044,P00827,49.97,M3,Morning
B054,P00828,49.74,M4,Night
B039,P00829,50.5,M5,Morning
B027,P00830,48.86,M2,Night
B010,P00831,49.21,M3,Morning
B026,P00832,51.38,M2,Morning
B019,P00833,51.26,M4,Afternoon
B039,P00834,51.18,M2,Morning
B003,P00835,50.07,M1,Morning
B045,P00836,44.23,M3,Night
B013,P00837,50.46,M2,Morning
B050,P00838,48.69,M4,Night
B028,P00839,52.95,M4,Morning
B058,P00840,52.66,M2,Morning
B020,P00841,51.59,M4,Night
B028,P00842,49.15,M5,Afternoon
B008,P00843,51.08,M5,Night
B041,P00844,51.96,M5,Night
B039,P00845,47.55,M1,Night
B001,P00846,53.39,M2,Afternoon
B003,P00847,46.52,M1,Morning
B013,P00848,51.41,M4,Night
B028,P00849,52.91,M1,Night
B057,P00850,49.77,M4,Afternoon
B060,P00851,49.7,M4,Night
B049,P00852,51.34,M3,Morning
B025,P00853,53.7,M5,Afternoon
B056,P00854,49.44,M4,Morning
B033,P00855,48.44,M3,Morning
B038,P00856,49.15,M5,Afternoon
B053,P00857,46.89,M4,Night
B006,P00858,51.8,M4,Morning
B058,P00859,48.97,M1,Morning
B044,P00860,49.58,M1,Morning
B045,P00861,51.82,M5,Morning
B032,P00862,49.25,M4,Afternoon
B045,P00863,51.52,M2,Afternoon
B047,P00864,47.92,M1,Morning
B021,P00865,51.92,M5,Night
B016,P00866,43.65,M4,Morning
B054,P00867,49.82,M4,Night
B021,P00868,50.26,M2,Morning
B011,P00869,47.43,M5,Night
B060,P00870,50.22,M4,Morning
B037,P00871,49.72,M1,Night
B036,P00872,47.48,M2,Morning
B035,P00873,48.66,M5,Morning
B019,P00874,49.74,M2,Night
B020,P00875,48.79,M1,Afternoon
B057,P00876,45.18,M5,Night
B018,P00877,52.15,M2,Afternoon
B047,P00878,49.72,M3,Morning
B041,P00879,45.45,M1,Night
B049,P00880,54.27,M1,Night
B014,P00881,52.48,M1,Night
B015,P00882,49.3,M3,Afternoon
B031,P00883,48.32,M3,Afternoon
B001,P00884,50.81,M4,Morning
B053,P00885,50.4,M2,Afternoon
B054,P00886,51.08,M4,Afternoon
B054,P00887,48.32,M2,Morning
B003,P00888,52.2,M3,Night
B016,P00889,49.05,M3,Night
B023,P00890,51.36,M4,Morning
B057,P00891,48.41,M5,Night
B011,P00892,55.3,M4,Afternoon
B012,P00893,51.39,M2,Morning
B010,P00894,55.77,M4,Morning
B032,P00895,51.66,M1,Morning
B016,P00896,48.88,M2,Night
B008,P00897,51.66,M2,Morning
B038,P00898,51.8,M5,Morning
B012,P00899,50.75,M3,Morning
B024,P00900,51.26,M2,Night
B028,P00901,51.52,M3,Afternoon
B053,P00902,48.01,M4,Morning
B008,P00903,47.87,M1,Afternoon
B058,P00904,48.41,M5,Night
B028,P00905,50.26,M3,Night
B036,P00906,49.55,M2,Night
B026,P00907,48.05,M3,Night
B008,P00908,51.55,M2,Afternoon
B058,P00909,50.57,M3,Morning
B060,P00910,50.34,M2,Night
B050,P00911,49.48,M4,Night
B028,P00912,49.24,M2,Afternoon
B028,P00913,48.32,M2,Afternoon
B037,P00914,51.87,M1,Night
B041,P00915,48.59,M2,Morning
B036,P00916,50.42,M1,Morning
B027,P00917,53.32,M5,Night
B054,P00918,49.34,M1,Afternoon
B017,P00919,51.92,M4,Night
B009,P00920,51.14,M1,Night
B033,P00921,50.62,M5,Afternoon
B053,P00922,50.86,M4,Night
B020,P00923,49.81,M3,Night
B013,P00924,50.07,M3,Night
B028,P00925,48.9,M1,Afternoon
B048,P00926,50.08,M1,Morning
B029,P00927,48.83,M5,Morning
B013,P00928,52.01,M5,Afternoon
B046,P00929,46.6,M2,Morning
B035,P00930,50.96,M5,Night
B006,P00931,50.67,M2,Morning
B018,P00932,50.49,M4,Night
B051,P00933,52.05,M1,Morning
B005,P00934,49.43,M4,Afternoon
B047,P00935,50.51,M5,Morning
B025,P00936,46.57,M4,Morning
B002,P00937,49.17,M4,Morning
B010,P00938,47.42,M4,Afternoon
B056,P00939,47.32,M5,Morning
B030,P00940,50.32,M4,Afternoon
B050,P00941,48.64,M2,Night
B059,P00942,49.78,M5,Morning
B045,P00943,48.76,M4,Afternoon
B005,P00944,47.51,M5,Afternoon
B055,P00945,50.77,M3,Morning
B056,P00946,49.9,M2,Night
B033,P00947,51.23,M4,Afternoon
B054,P00948,51.59,M3,Morning
B001,P00949,52.45,M3,Night
B018,P00950,50.27,M5,Afternoon
B032,P00951,46.84,M3,Afternoon
B047,P00952,48.05,M2,Night
B049,P00953,51.82,M2,Night
B011,P00954,50.92,M1,Morning
B021,P00955,42.09,M2,Morning
B026,P00956,50.89,M3,Afternoon
B025,P00957,48.08,M2,Night
B022,P00958,44.71,M5,Night
B059,P00959,48.34,M1,Night
B027,P00960,49.66,M3,Afternoon
B049,P00961,49.63,M1,Night
B013,P00962,47.8,M3,Night
B033,P00963,47.04,M5,Afternoon
B034,P00964,49.82,M1,Morning
B041,P00965,49.32,M4,Morning
B035,P00966,50,M3,Afternoon
B001,P00967,50.17,M4,Night
B021,P00968,54.98,M1,Afternoon
B048,P00969,49.32,M4,Morning
B055,P00970,53.16,M4,Morning
B006,P00971,53.28,M1,Afternoon
B028,P00972,51.51,M5,Afternoon
B017,P00973,49.53,M4,Morning
B005,P00974,47.28,M4,Afternoon
B031,P00975,50.96,M5,Morning
B005,P00976,52.04,M4,Afternoon
B038,P00977,53.5,M4,Afternoon
B003,P00978,48.1,M4,Afternoon
B053,P00979,49.51,M2,Morning
B023,P00980,48.11,M5,Afternoon
B037,P00981,48.73,M4,Morning
B053,P00982,51.33,M5,Morning
B037,P00983,48.64,M3,Afternoon
B010,P00984,48.35,M3,Afternoon
B010,P00985,51.59,M4,Morning
B019,P00986,50.9,M5,Morning
B017,P00987,50.7,M5,Night
B021,P00988,48.69,M5,Morning
B014,P00989,52.59,M2,Night
B009,P00990,50.03,M3,Night
B046,P00991,54.76,M5,Night
B001,P00992,50.32,M5,Afternoon
B051,P00993,45.33,M2,Afternoon
B045,P00994,45.24,M2,Morning
B013,P00995,51.25,M5,Night
B004,P00996,43.53,M1,Afternoon
B001,P00997,48.43,M5,Afternoon
B049,P00998,54.2,M5,Afternoon
B040,P00999,53.33,M2,Afternoon
B032,P01000,50.42,M2,Afternoon
B034,P01001,51.08,M5,Night
B028,P01002,51.79,M5,Night
B031,P01003,53.78,M5,Night
B008,P01004,51.36,M2,Night
B039,P01005,50.38,M5,Morning
B026,P01006,51.34,M5,Night
B058,P01007,51.07,M4,Afternoon
B034,P01008,51.85,M1,Night
B054,P01009,46.86,M3,Morning
B054,P01010,50.63,M1,Afternoon
B003,P01011,50.92,M4,Night
B059,P01012,49.85,M3,Night
B050,P01013,51.57,M5,Night
B012,P01014,53.84,M4,Afternoon
B001,P01015,50.28,M5,Afternoon
B054,P01016,51.38,M2,Morning
B044,P01017,53.21,M4,Afternoon
B005,P01018,50.32,M2,Afternoon
B030,P01019,48.22,M4,Night
B030,P01020,51.23,M4,Afternoon
B059,P01021,45.6,M2,Night
B057,P01022,45.4,M3,Night
B017,P01023,50.67,M1,Afternoon
B048,P01024,45.31,M5,Morning
B047,P01025,47.37,M4,Morning
B023,P01026,49.24,M5,Afternoon
B015,P01027,44.15,M2,Morning
B037,P01028,49.7,M5,Night
B021,P01029,52.23,M2,Night
B014,P01030,50.48,M5,Afternoon
B002,P01031,48.32,M1,Morning
B011,P01032,52.71,M1,Morning
B051,P01033,47.14,M1,Night
B039,P01034,45.64,M1,Afternoon
B038,P01035,46.92,M1,Morning
B060,P01036,50.5,M1,Afternoon
B034,P01037,49.36,M2,Morning
B038,P01038,52.16,M4,Night
B050,P01039,51.44,M5,Night
B034,P01040,48.83,M1,Afternoon
B018,P01041,48.44,M2,Night
B030,P01042,49.37,M2,Morning
B015,P01043,45.95,M2,Night
B027,P01044,53.24,M4,Afternoon
B051,P01045,48.06,M5,Afternoon
B034,P01046,51.6,M4,Afternoon
B052,P01047,46.54,M3,Morning
B057,P01048,49.11,M2,Morning
B038,P01049,48.14,M3,Morning
B033,P01050,52.14,M1,Morning
B024,P01051,47.42,M1,Morning
B015,P01052,50.86,M4,Night
B060,P01053,50,M5,Morning
B030,P01054,49.65,M3,Morning
B055,P01055,53.34,M5,Night
B042,P01056,53.52,M4,Morning
B051,P01057,49.71,M1,Afternoon
B017,P01058,49.31,M5,Morning
B005,P01059,46.99,M5,Morning
B029,P01060,49.99,M1,Afternoon
B004,P01061,53.91,M3,Afternoon
B010,P01062,49.74,M1,Afternoon
B056,P01063,51.46,M5,Afternoon
B017,P01064,45.49,M3,Morning
B010,P01065,49.13,M3,Afternoon
B017,P01066,50.92,M1,Afternoon
B060,P01067,50.21,M5,Night
B020,P01068,44.87,M4,Afternoon
B024,P01069,48.79,M5,Afternoon
B005,P01070,46.5,M2,Night
B034,P01071,52.24,M4,Night
B006,P01072,48.13,M3,Morning
B053,P01073,51.01,M4,Night
B002,P01074,50.9,M3,Morning
B013,P01075,46.67,M3,Night
B043,P01076,52.1,M4,Night
B043,P01077,48.87,M3,Morning
B048,P01078,50.11,M3,Night
B011,P01079,49.28,M2,Morning
B051,P01080,53.25,M5,Night
B047,P01081,52.69,M5,Afternoon
B057,P01082,46.38,M2,Night
B023,P01083,54.52,M4,Morning
B055,P01084,48.64,M1,Night
B016,P01085,54.2,M1,Morning
B031,P01086,49.49,M1,Morning
B011,P01087,49.32,M2,Afternoon
B054,P01088,49.51,M2,Afternoon
B016,P01089,49.2,M3,Morning
B008,P01090,55.05,M1,Night
B004,P01091,49.85,M4,Morning
B040,P01092,49.4,M4,Morning
B004,P01093,50.15,M1,Night
B056,P01094,48.07,M1,Night
B025,P01095,44.56,M1,Night
B003,P01096,47.06,M2,Night
B032,P01097,48.77,M2,Morning
B003,P01098,51.87,M2,Morning
B027,P01099,50.08,M5,Afternoon
B029,P01100,51.1,M4,Morning
B032,P01101,53.07,M4,Night
B050,P01102,52.01,M3,Afternoon
B058,P01103,50.27,M2,Night
B051,P01104,54.18,M5,Morning
B019,P01105,48.74,M5,Afternoon
B021,P01106,40.66,M4,Night
B005,P01107,49.94,M2,Afternoon
B018,P01108,49.8,M3,Afternoon
B028,P01109,47.86,M2,Morning
B042,P01110,46.83,M1,Night
B022,P01111,50.83,M2,Afternoon
B021,P01112,48.73,M1,Afternoon
B006,P01113,53.82,M1,Night
B001,P01114,49.85,M3,Afternoon
B005,P01115,49.5,M4,Afternoon
B041,P01116,52.19,M2,Afternoon
B012,P01117,50.8,M1,Night
B026,P01118,49.65,M2,Night
B046,P01119,48.72,M4,Night
B034,P01120,57.32,M4,Night
B049,P01121,50.72,M5,Morning
B014,P01122,52.17,M4,Afternoon
B026,P01123,47.95,M3,Night
B045,P01124,48.84,M1,Afternoon
B027,P01125,54.22,M5,Afternoon
B009,P01126,52.79,M3,Morning
B026,P01127,50.92,M2,Night
B057,P01128,49.24,M1,Night
B047,P01129,49.53,M4,Afternoon
B057,P01130,42.72,M1,Night
B022,P01131,47.69,M2,Afternoon
B047,P01132,51.85,M5,Afternoon
B056,P01133,51.08,M5,Morning
B030,P01134,51.47,M5,Morning
B043,P01135,49.33,M4,Morning
B048,P01136,50.51,M3,Afternoon
B017,P01137,49.14,M3,Night
B026,P01138,44.11,M1,Morning
B036,P01139,53.33,M4,Night
B001,P01140,50.24,M5,Morning
B008,P01141,44.5,M5,Morning
B049,P01142,51.67,M2,Afternoon
B035,P01143,50.27,M2,Morning
B052,P01144,50.48,M5,Morning
B015,P01145,47.83,M5,Afternoon
B047,P01146,48.21,M4,Night
B056,P01147,48.1,M3,Morning
B022,P01148,47.14,M2,Afternoon
B014,P01149,43.18,M3,Morning
B026,P01150,48.21,M4,Afternoon
B028,P01151,51.16,M5,Night
B023,P01152,51.09,M3,Night
B014,P01153,48.61,M5,Afternoon
B024,P01154,49.94,M5,Afternoon
B002,P01155,51.09,M1,Afternoon
B045,P01156,48.28,M3,Night
B026,P01157,51.13,M3,Morning
B014,P01158,50.6,M5,Night
B059,P01159,48,M4,Afternoon
B056,P01160,50.44,M1,Afternoon
B051,P01161,50.73,M5,Night
B007,P01162,48.75,M2,Afternoon
B003,P01163,48.91,M2,Night
B047,P01164,47.98,M1,Afternoon
B023,P01165,49.1,M4,Morning
B046,P01166,49.98,M5,Morning
B043,P01167,48.91,M3,Afternoon
B047,P01168,47.03,M1,Night
B060,P01169,48.62,M4,Morning
B045,P01170,49.17,M3,Night
B018,P01171,51.63,M2,Afternoon
B058,P01172,44.77,M2,Night
B038,P01173,51.67,M3,Morning
B035,P01174,48.52,M1,Night
B051,P01175,50.28,M2,Night
B015,P01176,45.15,M5,Afternoon
B025,P01177,50.86,M3,Afternoon
B055,P01178,51.22,M3,Afternoon
B037,P01179,49.3,M2,Morning
B028,P01180,50.59,M1,Morning
B010,P01181,46.97,M5,Afternoon
B039,P01182,48.4,M1,Afternoon
B057,P01183,51.53,M4,Morning
B017,P01184,51.02,M4,Morning
B039,P01185,49.18,M2,Morning
B022,P01186,51.62,M2,Morning
B026,P01187,50.28,M2,Afternoon
B044,P01188,48.99,M4,Morning
B025,P01189,49.63,M1,Afternoon
B017,P01190,49.09,M1,Night
B013,P01191,47.63,M2,Night
B020,P01192,52.51,M5,Morning
B025,P01193,48.86,M1,Night
B004,P01194,48.34,M4,Night
B010,P01195,46.94,M3,Night
B003,P01196,44.73,M3,Morning
B041,P01197,51.4,M3,Morning
B045,P01198,51.59,M5,Night
B018,P01199,52.39,M2,Afternoon
B047,P01200,49.7,M4,Night
B036,P01201,49.36,M5,Morning
B047,P01202,48.98,M4,Morning
B022,P01203,49.17,M4,Morning
B034,P01204,52.24,M2,Night
B047,P01205,49.95,M3,Afternoon
B008,P01206,50.76,M2,Morning
B040,P01207,42.67,M5,Morning
B049,P01208,52.64,M5,Night
B044,P01209,46.19,M5,Afternoon
B019,P01210,47.56,M2,Night
B042,P01211,50.76,M4,Morning
B041,P01212,53.5,M4,Afternoon
B037,P01213,49.55,M1,Afternoon
B006,P01214,48.32,M5,Morning
B052,P01215,52,M4,Afternoon
B026,P01216,50.65,M1,Afternoon
B034,P01217,52.58,M4,Night
B059,P01218,47.42,M5,Morning
B056,P01219,52.42,M3,Morning
B059,P01220,45.95,M5,Morning
B045,P01221,49.42,M2,Morning
B006,P01222,50.83,M4,Morning
B037,P01223,46.24,M4,Afternoon
B057,P01224,52.12,M2,Night
B033,P01225,46.35,M2,Morning
B053,P01226,50.28,M3,Night
B022,P01227,52.4,M4,Night
B021,P01228,43.7,M4,Afternoon
B006,P01229,47.72,M3,Morning
B006,P01230,52.02,M1,Afternoon
B055,P01231,48.7,M3,Morning
B048,P01232,48.35,M5,Afternoon
B004,P01233,48.1,M4,Night
B030,P01234,49.6,M2,Morning
B011,P01235,50.37,M5,Night
B030,P01236,47.46,M4,Night
B031,P01237,47.87,M3,Afternoon
B024,P01238,48.61,M5,Morning
B055,P01239,48.09,M4,Night
B009,P01240,50.07,M1,Afternoon
B055,P01241,50.72,M1,Morning
B003,P01242,50.45,M2,Morning
B051,P01243,50.45,M4,Night
B031,P01244,53.34,M1,Morning
B040,P01245,50.85,M3,Night
B037,P01246,51.57,M4,Morning
B036,P01247,49.17,M3,Afternoon
B024,P01248,51.89,M3,Night
B031,P01249,49.08,M1,Night
B006,P01250,50.82,M4,Morning
B002,P01251,47.26,M5,Morning
B020,P01252,50.33,M1,Night
B028,P01253,48.05,M1,Morning
B011,P01254,51.87,M4,Afternoon
B004,P01255,51.75,M4,Morning
B015,P01256,49.07,M3,Afternoon
B006,P01257,54.1,M4,Afternoon
B054,P01258,49.43,M3,Afternoon
B049,P01259,46.78,M1,Afternoon
B030,P01260,48.44,M2,Afternoon
B056,P01261,47.91,M5,Morning
B038,P01262,50.76,M1,Afternoon
B051,P01263,45.02,M4,Morning
B057,P01264,48.92,M5,Afternoon
B002,P01265,50.63,M2,Night
B015,P01266,50.28,M2,Afternoon
B011,P01267,49.97,M3,Night
B008,P01268,50.25,M5,Afternoon
B026,P01269,49.26,M3,Afternoon
B051,P01270,46.79,M1,Afternoon
B045,P01271,49.21,M5,Night
B044,P01272,50.94,M1,Night
B005,P01273,49.73,M3,Afternoon
B006,P01274,50.78,M5,Morning
B026,P01275,48.83,M3,Afternoon
B054,P01276,51.99,M5,Night
B004,P01277,44.6,M3,Afternoon
B019,P01278,50.28,M2,Night
B020,P01279,52.7,M3,Night
B033,P01280,53,M2,Night
B020,P01281,49.54,M3,Afternoon
B049,P01282,47.35,M5,Night
B012,P01283,52.73,M5,Night
B047,P01284,49.9,M5,Afternoon
B001,P01285,49.68,M4,Night
B026,P01286,48.21,M1,Afternoon
B014,P01287,47.5,M5,Night
B038,P01288,51.13,M2,Morning
B037,P01289,51.34,M5,Morning
B011,P01290,50.4,M4,Night
B036,P01291,48.47,M2,Morning
B013,P01292,47.87,M4,Afternoon
B043,P01293,47.14,M2,Morning
B003,P01294,48.88,M3,Night
B033,P01295,47.99,M1,Night
B006,P01296,46.58,M1,Afternoon
B050,P01297,51.3,M4,Night
B056,P01298,47.36,M1,Afternoon
B010,P01299,51.97,M4,Morning
B005,P01300,50.79,M4,Morning
B023,P01301,50.59,M4,Afternoon
B010,P01302,53.33,M1,Afternoon
B044,P01303,47.43,M4,Night
B002,P01304,51.75,M1,Morning
B013,P01305,49.4,M4,Afternoon
B040,P01306,55.14,M5,Morning
B002,P01307,49.24,M4,Afternoon
B020,P01308,48.92,M2,Morning
B001,P01309,50.85,M4,Night
B037,P01310,49.58,M3,Morning
B009,P01311,48.48,M4,Morning
B017,P01312,48.06,M2,Morning
B009,P01313,52.92,M2,Morning
B011,P01314,47.67,M1,Morning
B015,P01315,50.45,M5,Night
B024,P01316,52.11,M4,Afternoon
B038,P01317,52.21,M1,Morning
B055,P01318,48.8,M5,Night
B035,P01319,49.59,M4,Morning
B030,P01320,49.2,M3,Morning
B031,P01321,46.93,M4,Afternoon
B049,P01322,51.08,M2,Morning
B005,P01323,50.08,M2,Night
B060,P01324,52.88,M3,Night
B044,P01325,48.35,M1,Afternoon
B050,P01326,52.18,M5,Morning
B014,P01327,52.32,M4,Night
B053,P01328,50.09,M2,Morning
B056,P01329,45.66,M1,Morning
B011,P01330,48.97,M3,Morning
B009,P01331,53.57,M2,Afternoon
B034,P01332,50.59,M3,Morning
B012,P01333,51.39,M4,Night
B035,P01334,49.82,M5,Morning
B035,P01335,49.55,M2,Night
B001,P01336,46.27,M2,Morning
B040,P01337,51.59,M4,Night
B022,P01338,52.16,M1,Night
B060,P01339,48.1,M5,Morning
B029,P01340,49.64,M2,Morning
B008,P01341,49.37,M5,Night
B011,P01342,50.84,M2,Afternoon
B041,P01343,45.4,M5,Morning
B037,P01344,51.86,M3,Afternoon
B014,P01345,50.14,M2,Morning
B060,P01346,44.9,M5,Morning
B030,P01347,50.89,M1,Morning
B035,P01348,51.99,M3,Morning
B021,P01349,47.7,M3,Afternoon
B037,P01350,50.82,M1,Morning
B005,P01351,53.66,M5,Night
B019,P01352,50.22,M4,Night
B059,P01353,44.6,M1,Afternoon
B014,P01354,49.12,M5,Morning
B026,P01355,49.96,M1,Night
B004,P01356,49.59,M1,Afternoon
B025,P01357,49.23,M2,Morning
B045,P01358,49.7,M5,Night
B042,P01359,46.74,M4,Night
B025,P01360,49.34,M2,Afternoon
B018,P01361,52.68,M1,Morning
B040,P01362,48.07,M1,Morning
B008,P01363,47.87,M1,Night
B039,P01364,50.12,M5,Night
B040,P01365,50.22,M5,Night
B014,P01366,50.75,M2,Morning
B032,P01367,49.77,M4,Afternoon
B051,P01368,50.14,M2,Afternoon
B038,P01369,49.3,M3,Morning
B033,P01370,47.45,M1,Afternoon
B023,P01371,49.86,M1,Night
B015,P01372,51.45,M1,Afternoon
B033,P01373,51.03,M2,Afternoon
B025,P01374,46.51,M2,Afternoon
B017,P01375,50.5,M1,Night
B033,P01376,48.21,M2,Morning
B047,P01377,52.78,M5,Night
B055,P01378,50.65,M5,Morning
B002,P01379,51.79,M2,Morning
B014,P01380,50.04,M1,Morning
B053,P01381,49.87,M2,Afternoon
B040,P01382,52.99,M2,Afternoon
B040,P01383,51.95,M2,Morning
B051,P01384,50.24,M3,Morning
B039,P01385,49.6,M5,Afternoon
B051,P01386,46.59,M4,Night
B006,P01387,50.65,M4,Morning
B006,P01388,49.75,M3,Night
B003,P01389,51.11,M2,Afternoon
B007,P01390,51.72,M3,Morning
B051,P01391,52.47,M3,Night
B008,P01392,50.67,M1,Night
B042,P01393,47.91,M5,Night
B052,P01394,45.7,M4,Afternoon
B015,P01395,48.35,M2,Afternoon
B047,P01396,52.67,M4,Night
B029,P01397,53.65,M4,Night
B033,P01398,49.52,M5,Afternoon
B052,P01399,47.1,M4,Night
B030,P01400,48.7,M4,Night
B039,P01401,52.28,M3,Afternoon
B027,P01402,48.82,M5,Night
B036,P01403,46.14,M1,Night
B029,P01404,50.34,M2,Night
B038,P01405,51.42,M4,Afternoon
B057,P01406,53.64,M2,Night
B033,P01407,51.18,M1,Afternoon
B037,P01408,50.29,M2,Afternoon
B027,P01409,53.86,M1,Morning
B055,P01410,50.7,M3,Morning
B033,P01411,48.41,M4,Night
B004,P01412,51.37,M1,Afternoon
B022,P01413,50.89,M2,Morning
B002,P01414,49.38,M4,Night
B010,P01415,48.96,M3,Morning
B005,P01416,49.4,M4,Morning
B059,P01417,48.94,M1,Afternoon
B010,P01418,49.47,M3,Afternoon
B033,P01419,48.31,M2,Morning
B054,P01420,50.77,M3,Morning
B038,P01421,50.62,M3,Afternoon
B013,P01422,50.69,M5,Night
B031,P01423,49.88,M3,Afternoon
B047,P01424,49.64,M3,Morning
B036,P01425,52.88,M4,Night
B045,P01426,50.13,M2,Morning
B024,P01427,52.53,M4,Night
B052,P01428,48.01,M4,Morning
B056,P01429,51.18,M1,Night
B015,P01430,48.53,M4,Night
B029,P01431,48.89,M5,Morning
B008,P01432,46.24,M5,Night
B005,P01433,49.05,M1,Afternoon
B029,P01434,49.06,M2,Morning
B047,P01435,52.43,M2,Afternoon
B004,P01436,50.09,M4,Morning
B012,P01437,45.91,M4,Night
B045,P01438,49.09,M4,Night
B002,P01439,51.71,M2,Night
B027,P01440,50.71,M3,Morning
B031,P01441,49.38,M5,Afternoon
B051,P01442,41.14,M3,Afternoon
B051,P01443,50.43,M3,Morning
B036,P01444,51.15,M2,Morning
B036,P01445,48.04,M3,Afternoon
B026,P01446,49.41,M1,Afternoon
B043,P01447,51.07,M4,Afternoon
B027,P01448,46.86,M1,Afternoon
B005,P01449,48.7,M5,Morning
B020,P01450,50.75,M4,Morning
B011,P01451,52.21,M3,Night
B010,P01452,54.37,M5,Afternoon
B040,P01453,53.92,M4,Night
B038,P01454,50.29,M3,Morning
B006,P01455,49.03,M1,Morning
B008,P01456,51.85,M4,Night
B023,P01457,48.91,M3,Afternoon
B047,P01458,48.48,M1,Afternoon
B026,P01459,49.39,M5,Afternoon
B046,P01460,49.14,M5,Afternoon
B043,P01461,50.83,M5,Night
B012,P01462,48.8,M5,Night
B026,P01463,50.17,M2,Morning
B013,P01464,53.19,M4,Afternoon
B040,P01465,50.24,M4,Afternoon
B018,P01466,53.03,M2,Afternoon
B025,P01467,52.4,M3,Night
B033,P01468,51.18,M3,Afternoon
B047,P01469,49.29,M5,Night
B040,P01470,52.08,M1,Afternoon
B060,P01471,49.5,M3,Afternoon
B043,P01472,50,M1,Morning
B012,P01473,50.66,M4,Afternoon
B044,P01474,49.99,M1,Afternoon
B036,P01475,45.93,M4,Morning
B048,P01476,46.95,M2,Night
B004,P01477,51.92,M2,Night
B005,P01478,51.14,M5,Afternoon
B056,P01479,46.56,M3,Night
B037,P01480,48.51,M5,Afternoon
B008,P01481,50.36,M4,Morning
B042,P01482,50.89,M5,Morning
B049,P01483,46.96,M1,Afternoon
B028,P01484,49.82,M4,Morning
B031,P01485,51.08,M2,Morning
B058,P01486,49.3,M3,Afternoon
B009,P01487,50.51,M4,Afternoon
B054,P01488,49.02,M4,Morning
B051,P01489,51.82,M1,Night
B029,P01490,48.4,M3,Night
B014,P01491,47.72,M2,Afternoon
B040,P01492,50.06,M4,Afternoon
B041,P01493,47.13,M4,Night
B022,P01494,45.79,M1,Morning
B011,P01495,52.17,M5,Night
B023,P01496,48.03,M2,Night
B001,P01497,47.33,M3,Night
B046,P01498,48.38,M4,Night
B037,P01499,48.29,M4,Afternoon
B021,P01500,47.34,M2,Afternoon
B026,P01501,47.81,M5,Morning
B046,P01502,51,M4,Morning
B036,P01503,51.29,M2,Morning
B054,P01504,47.45,M1,Morning
B023,P01505,48.76,M5,Night
B057,P01506,46.69,M3,Afternoon
B001,P01507,49.67,M4,Afternoon
B054,P01508,52.17,M2,Morning
B055,P01509,52.28,M1,Morning
B051,P01510,55,M3,Night
B040,P01511,45.46,M2,Night
B015,P01512,48.15,M2,Morning
B021,P01513,53.63,M3,Afternoon
B047,P01514,46.4,M1,Afternoon
B009,P01515,53.58,M1,Afternoon
B053,P01516,45.76,M5,Morning
B009,P01517,50.37,M4,Afternoon
B010,P01518,47.44,M3,Night
B052,P01519,49.1,M3,Night
B057,P01520,53.49,M3,Morning
B053,P01521,49.9,M1,Night
B026,P01522,49.11,M4,Morning
B041,P01523,50.81,M5,Afternoon
B035,P01524,49.62,M2,Afternoon
B052,P01525,50.69,M2,Afternoon
B025,P01526,48.3,M3,Night
B026,P01527,49.85,M4,Morning
B011,P01528,48.72,M1,Afternoon
B038,P01529,46.39,M4,Morning
B002,P01530,50.96,M4,Afternoon
B007,P01531,47.53,M1,Night
B018,P01532,49.67,M3,Night
B027,P01533,51.85,M4,Morning
B034,P01534,47,M2,Night
B027,P01535,51.21,M1,Night
B017,P01536,49.4,M5,Morning
B043,P01537,48.07,M3,Afternoon
B059,P01538,54.05,M1,Night
B044,P01539,50,M5,Morning
B059,P01540,48.86,M5,Night
B051,P01541,48.44,M4,Night
B054,P01542,51.76,M4,Night
B024,P01543,48.78,M4,Night
B025,P01544,51.51,M1,Morning
B007,P01545,50,M1,Morning
B052,P01546,52.23,M3,Morning
B006,P01547,47.91,M4,Night
B053,P01548,48.19,M5,Night
B024,P01549,49.44,M2,Night
B033,P01550,49.6,M3,Morning
B049,P01551,45.8,M1,Night
B029,P01552,55.26,M3,Afternoon
B043,P01553,54.13,M3,Night
B022,P01554,50.6,M3,Afternoon
B026,P01555,50.83,M3,Night
B028,P01556,49.53,M2,Morning
B050,P01557,47.9,M4,Night
B021,P01558,49.64,M5,Afternoon
B049,P01559,51.54,M3,Afternoon
B007,P01560,52.61,M3,Night
B017,P01561,51.99,M3,Afternoon
B020,P01562,46.98,M4,Afternoon
B041,P01563,49.42,M1,Morning
B049,P01564,47.06,M1,Night
B020,P01565,52.34,M2,Night
B054,P01566,45.57,M1,Night
B022,P01567,49.91,M3,Afternoon
B028,P01568,50.96,M3,Night
B040,P01569,55.53,M3,Night
B049,P01570,50.54,M2,Morning
B007,P01571,49.52,M3,Morning
B001,P01572,47.52,M1,Morning
B032,P01573,52.92,M4,Afternoon
B013,P01574,49.64,M4,Night
B030,P01575,53.31,M5,Morning
B023,P01576,52.21,M1,Morning
B051,P01577,49.07,M3,Morning
B059,P01578,47.22,M4,Night
B056,P01579,50.55,M1,Night
B019,P01580,48.77,M4,Night
B032,P01581,50.08,M3,Afternoon
B030,P01582,52.1,M4,Afternoon
B029,P01583,46.69,M5,Morning
B049,P01584,50.53,M5,Night
B045,P01585,51.52,M4,Morning
B029,P01586,51.62,M1,Night
B030,P01587,47.27,M1,Night
B016,P01588,50.84,M1,Night
B040,P01589,52.41,M4,Afternoon
B019,P01590,50.69,M1,Afternoon
B018,P01591,49.77,M3,Night
B001,P01592,52.28,M5,Morning
B014,P01593,48.61,M3,Night
B051,P01594,46.94,M1,Night
B047,P01595,49.6,M3,Morning
B050,P01596,51.07,M1,Night
B002,P01597,52.08,M4,Morning
B054,P01598,51.06,M3,Afternoon
B028,P01599,51.67,M4,Afternoon
B049,P01600,44.46,M4,Morning
B050,P01601,49.32,M2,Afternoon
B030,P01602,44.36,M1,Afternoon
B038,P01603,52.57,M5,Morning
B051,P01604,46.36,M1,Afternoon
B004,P01605,50.86,M5,Night
B001,P01606,48.57,M1,Night
B008,P01607,52.2,M4,Morning
B029,P01608,49.96,M3,Afternoon
B055,P01609,50.02,M3,Night
B039,P01610,53.46,M2,Night
B003,P01611,47.85,M5,Afternoon
B032,P01612,50.43,M5,Afternoon
B010,P01613,49.64,M5,Night
B010,P01614,51.06,M4,Night
B019,P01615,53.86,M5,Morning
B046,P01616,48.79,M3,Morning
B034,P01617,47.61,M4,Night
B060,P01618,48.38,M1,Morning
B033,P01619,49.53,M5,Night
B023,P01620,50.13,M5,Night
B055,P01621,50.23,M1,Morning
B028,P01622,53.61,M5,Morning
B032,P01623,53.25,M1,Afternoon
B050,P01624,52.61,M4,Afternoon
B007,P01625,55.03,M3,Afternoon
B029,P01626,51.65,M1,Night
B008,P01627,52.22,M2,Morning
B001,P01628,51.61,M1,Night
B057,P01629,51.28,M5,Morning
B055,P01630,50.79,M4,Night
B003,P01631,49.21,M4,Afternoon
B024,P01632,47.51,M1,Afternoon
B023,P01633,49.74,M3,Afternoon
B059,P01634,51.13,M2,Night
B008,P01635,50.14,M4,Morning
B054,P01636,47.87,M5,Morning
B057,P01637,49.67,M5,Afternoon
B047,P01638,49.56,M3,Afternoon
B037,P01639,49.88,M4,Afternoon
B003,P01640,50.98,M1,Afternoon
B051,P01641,51.41,M5,Morning
B033,P01642,49,M3,Night
B028,P01643,51.96,M4,Night
B047,P01644,52.26,M4,Night
B008,P01645,50.64,M4,Night
B034,P01646,51.33,M4,Afternoon
B035,P01647,44.24,M4,Afternoon
B032,P01648,47.8,M5,Afternoon
B024,P01649,52.11,M3,Night
B014,P01650,48.42,M4,Afternoon
B032,P01651,48.61,M2,Afternoon
B056,P01652,50.39,M2,Morning
B046,P01653,45.71,M3,Morning
B043,P01654,50.35,M1,Afternoon
B016,P01655,51.96,M1,Morning
B004,P01656,46.71,M1,Morning
B052,P01657,52.18,M2,Afternoon
B037,P01658,48.6,M1,Afternoon
B054,P01659,50.41,M5,Afternoon
B021,P01660,48.89,M4,Afternoon
B014,P01661,51.15,M2,Night
B031,P01662,52.05,M3,Night
B055,P01663,51.29,M3,Afternoon
B048,P01664,49.99,M4,Morning
B018,P01665,49.05,M2,Afternoon
B007,P01666,49.86,M1,Afternoon
B010,P01667,51.31,M1,Morning
B007,P01668,51.38,M5,Night
B033,P01669,51.1,M5,Afternoon
B023,P01670,47.43,M1,Afternoon
B021,P01671,49.95,M3,Night
B019,P01672,48.73,M3,Night
B048,P01673,51.33,M5,Morning
B019,P01674,48.47,M4,Night
B036,P01675,50.9,M1,Night
B029,P01676,49.44,M5,Night
B060,P01677,46.24,M5,Morning
B018,P01678,51.86,M1,Night
B002,P01679,49.95,M1,Night
B001,P01680,52.55,M3,Morning
B047,P01681,46.67,M4,Night
B005,P01682,49.42,M4,Night
B020,P01683,49.57,M1,Morning
B011,P01684,50.54,M2,Afternoon
B042,P01685,47.35,M5,Morning
B002,P01686,51.09,M5,Night
B003,P01687,53.82,M1,Night
B023,P01688,50.95,M2,Night
B055,P01689,50.19,M3,Morning
B012,P01690,47.25,M1,Night
B020,P01691,48.45,M1,Night
B005,P01692,49.89,M5,Morning
B037,P01693,48.94,M1,Afternoon
B038,P01694,52.05,M1,Afternoon
B030,P01695,51.07,M1,Night
B009,P01696,55.38,M5,Morning
B034,P01697,48.04,M3,Night
B053,P01698,50.07,M3,Morning
B044,P01699,47.23,M1,Morning
B035,P01700,45.56,M5,Afternoon
B052,P01701,51.45,M3,Afternoon
B058,P01702,50.99,M3,Morning
B022,P01703,48.29,M3,Night
B044,P01704,43.65,M5,Afternoon
B024,P01705,48.74,M5,Night
B017,P01706,49.01,M1,Afternoon
B010,P01707,49.36,M4,Afternoon
B030,P01708,48.21,M3,Night
B056,P01709,48.57,M4,Afternoon
B059,P01710,48.62,M5,Afternoon
B046,P01711,50.85,M5,Night
B023,P01712,44.45,M5,Afternoon
B032,P01713,49.54,M4,Afternoon
B017,P01714,47.82,M5,Afternoon
B050,P01715,47.9,M1,Night
B051,P01716,48.95,M5,Morning
B017,P01717,49.97,M2,Night
B014,P01718,49.57,M4,Morning
B009,P01719,47.87,M2,Afternoon
B040,P01720,51.44,M5,Morning
B002,P01721,48.19,M1,Night
B045,P01722,48.53,M3,Night
B025,P01723,50.57,M5,Afternoon
B039,P01724,50.64,M1,Morning
B009,P01725,48.78,M4,Afternoon
B054,P01726,44.13,M2,Afternoon
B022,P01727,48.23,M2,Night
B043,P01728,50.32,M2,Morning
B046,P01729,51.38,M4,Morning
B004,P01730,49.84,M1,Morning
B026,P01731,49.04,M4,Morning
B058,P01732,54.59,M2,Afternoon
B029,P01733,49.26,M5,Afternoon
B045,P01734,51.22,M3,Night
B034,P01735,47.33,M4,Afternoon
B023,P01736,47.82,M4,Afternoon
B037,P01737,51.29,M1,Night
B011,P01738,52.09,M1,Night
B006,P01739,49.22,M4,Night
B018,P01740,46.3,M2,Afternoon
B021,P01741,49.66,M3,Afternoon
B042,P01742,50.38,M1,Night
B036,P01743,50.2,M2,Night
B041,P01744,48.87,M5,Night
B038,P01745,49.69,M1,Afternoon
B034,P01746,48.5,M2,Afternoon
B017,P01747,47.78,M2,Morning
B037,P01748,51.51,M3,Afternoon
B025,P01749,48.98,M3,Afternoon
B038,P01750,49.7,M5,Afternoon
B058,P01751,48.99,M2,Night
B012,P01752,49.64,M2,Afternoon
B023,P01753,50.32,M3,Night
B053,P01754,53.46,M1,Morning
B042,P01755,51.31,M1,Morning
B022,P01756,48.67,M4,Night
B021,P01757,48.69,M3,Night
B027,P01758,48.38,M4,Night
B057,P01759,49.6,M3,Afternoon
B031,P01760,48.38,M5,Morning
B006,P01761,50.95,M2,Night
B027,P01762,44.71,M5,Afternoon
B040,P01763,51.07,M3,Morning
B034,P01764,50.55,M2,Afternoon
B012,P01765,52.53,M1,Morning
B045,P01766,51.75,M1,Afternoon
B057,P01767,48.63,M4,Morning
B053,P01768,51.53,M3,Morning
B007,P01769,49.66,M3,Afternoon
B010,P01770,46.13,M1,Night
B045,P01771,50.32,M5,Morning
B017,P01772,48.75,M2,Night
B026,P01773,50,M5,Afternoon
B021,P01774,44.19,M5,Night
B028,P01775,50.45,M1,Night
B058,P01776,47.97,M1,Night
B046,P01777,51.93,M1,Night
B002,P01778,50.73,M4,Night
B060,P01779,47.73,M5,Morning
B054,P01780,46.79,M3,Morning
B043,P01781,48.05,M2,Morning
B001,P01782,51.67,M4,Afternoon
B051,P01783,49.4,M3,Night
B053,P01784,50.16,M5,Morning
B036,P01785,47.32,M1,Afternoon
B051,P01786,51.73,M5,Morning
B026,P01787,45.97,M2,Morning
B029,P01788,48.69,M4,Night
B021,P01789,50.84,M4,Afternoon
B011,P01790,47.75,M2,Night
B040,P01791,51.23,M3,Night
B011,P01792,48.26,M3,Morning
B036,P01793,44.97,M4,Night
B049,P01794,52.57,M4,Afternoon
B059,P01795,50.31,M1,Night
B039,P01796,51.04,M3,Night
B040,P01797,52.04,M2,Night
B035,P01798,44.76,M3,Morning
B054,P01799,51.27,M1,Afternoon
B034,P01800,48.48,M4,Morning
